objective,count,mean_action,std_action,min,max
energy_saving,1317609,-0.2833357831031723,0.09075856211017444,-0.7886398397386074,0.11624214379116893
comfort,1317609,0.22132367404756906,0.16034454375597443,-0.6382566103711724,0.7568498188629746
balanced,1317609,0.21924148909439306,0.1610525619336746,-0.688259769231081,0.7237904407083988
grid_support,1317609,-0.0022456333613197206,0.18249795406448985,-0.773280599154532,0.7462777141481638
eco,1317609,0.14801057813180304,0.20163219098627647,-0.7026808960363269,0.7172790728509426
