variable,count,min,max,mean,std
price,6588045,0.12,0.35,0.177596487273541,0.09964857366723041
soc,6588045,0.15,0.9,0.5552031616359978,0.16054540786215235
T_in,6588045,19.0,26.578,22.22315646068121,1.2523685237752613
hour,6588045,2.0,23.0,12.511745138354057,6.871422510358452
